,KIC,Right Ascension,Declination,Magnitude in Kepler Band,RMSE,Average Epsilon,Epsilon/P_MAX,slope,slope/P_MAX,standard dev,standard dev/P_MAX,R2_LSP,Composite Function
1,6231538,298.64798,41.51173,13.737,0.667530815,-0.00802289,-0.098465731,-0.000197396,-0.002422661,0.000450411,0.005527939,0.99987084,f(t) = 1.000000 + 0.000800 * sin(2?? * 12.273100 * t + -0.878100) + 0.000100 * sin(2?? * 14.722700 * t + 0.333700)
2,6606229,291.85559,42.00861,11.136,0.568933249,0.004502331,0.028850487,3.68E-05,0.000235598,0.041851536,0.268180459,0.999390775,f(t) = 1.000000 + 0.002100 * sin(2?? * 6.407900 * t + 1.655900) + 0.001300 * sin(2?? * 7.809200 * t + 0.456200) + 0.000700 * sin(2?? * 4.820700 * t + -1.190085) + 0.000300 * sin(2?? * 3.523400 * t + 0.750900) + 0.000300 * sin(2?? * 4.182000 * t + -2.490685) + 0.000300 * sin(2?? * 6.882100 * t + -0.542300)
3,6963490,295.8869,42.454819,14.702,0.559006483,0.039282636,0.280513377,0.000138307,0.000987636,0.005342838,0.038152672,0.999918874,f(t) = 1.001200 + 0.006700 * sin(2?? * 7.140900 * t + -3.008000) + 0.002600 * sin(2?? * 7.570800 * t + -2.034400) + 0.001800 * sin(2?? * 11.376600 * t + 0.188600) + 0.000800 * sin(2?? * 6.710400 * t + -2.178600)
4,7300184,296.78571,42.80331,15.43,0.622831781,-0.00729309,-0.085018467,-0.000205072,-0.002390606,0.000404842,0.004719405,0.999925686,f(t) = 1.001100 + 0.002400 * sin(2?? * 11.657400 * t + 2.443000) + 0.000400 * sin(2?? * 20.763500 * t + 2.785400)
5,7900367,294.93735,43.695919,11.282,0.597099203,-0.00598391,-0.079283217,-8.55E-05,-0.001132824,0.022715631,0.300968481,0.99941347,f(t) = 1.000000 + 0.001300 * sin(2?? * 13.249400 * t + 2.775285) + 0.000300 * sin(2?? * 7.788900 * t + -2.824600)
6,7915515,298.96823,43.679829,12.82,0.602890917,-0.000310995,-0.003793486,-3.20E-06,-3.90E-05,0.005501696,0.067109138,0.99343938,f(t) = 1.000000 + 0.000100 * sin(2?? * 12.197900 * t + 2.737800)
7,9851822,299.00192,46.636791,13.902,0.705668587,0.007387054,0.108229944,7.68E-05,0.001124917,0.023441881,0.343454031,0.998134294,f(t) = 1.000000 + 0.000500 * sin(2?? * 14.651300 * t + 1.812300)
8,10350769,295.97668,47.410461,13.008,0.583878707,0.006854232,0.021466084,0.000591711,0.001853121,0.053335465,0.167036009,0.999381434,f(t) = 0.999900 + 0.000500 * sin(2?? * 3.131800 * t + 2.295400) + 0.000100 * sin(2?? * 1.009300 * t + 1.581300) + 0.000100 * sin(2?? * 1.566200 * t + -2.671000)
9,10355055,297.31918,47.407581,9.383,0.303482609,0.000852866,0.018834949,-2.98E-06,-6.58E-05,0.000255047,0.005632534,0.999996991,f(t) = 1.000000 + 0.003000 * sin(2?? * 22.084300 * t + -0.198100) + 0.000700 * sin(2?? * 18.681700 * t + -1.206200) + 0.000300 * sin(2?? * 19.576000 * t + -1.692800)
10,10415087,295.79916,47.587009,12.139,0.621244338,-0.001378947,-0.009972958,-0.000293411,-0.002122036,0.017697134,0.127990979,0.999734737,f(t) = 1.001600 + 0.009800 * sin(2?? * 7.232300 * t + -0.674400)
11,11027806,290.94797,48.52446,11.557,0.633320591,-1,-1,-1,-1,-1,-1,-1,f(t) = 1.000100
12,11769929,295.19943,49.980381,12.381,0.619628921,0.009145548,0.092522765,-0.000186642,-0.001888201,0.025455727,0.257527953,0.999419353,f(t) = 1.000500 + 0.003000 * sin(2?? * 10.116700 * t + 0.947300) + 0.000900 * sin(2?? * 16.216600 * t + -1.377400) + 0.000500 * sin(2?? * 17.843700 * t + 2.907900) + 0.000400 * sin(2?? * 13.599200 * t + 2.805100) + 0.000300 * sin(2?? * 10.467300 * t + -1.941000) + 0.000300 * sin(2?? * 15.248100 * t + -0.745200)
13,12216817,295.79639,50.895988,10.662,0.518421054,-0.032251388,-0.261884496,0.000219446,0.001781923,0.03421912,0.277862679,0.999997052,f(t) = 1.000500 + 0.011700 * sin(2?? * 8.120100 * t + -0.137000) + 0.004500 * sin(2?? * 3.617500 * t + -2.426800) + 0.002800 * sin(2?? * 5.698300 * t + 2.820000) + 0.001800 * sin(2?? * 6.628800 * t + 1.676300)
14,1849235,286.14963,37.39505,11.646,0.594862522,0.026947471,0.168796264,0.000153187,0.000959548,0.050836786,0.318436543,0.999641809,f(t) = 1.000800 + 0.003200 * sin(2?? * 6.263900 * t + -0.884300) + 0.001100 * sin(2?? * 6.655600 * t + 0.545700)
15,3424493,285.1564,38.505619,9.553,0.297868632,-0.00817129,-0.022139293,-1.57E-05,-4.25E-05,0.01603487,0.043444875,0.99999529,f(t) = 1.000300 + 0.007600 * sin(2?? * 2.709400 * t + -0.970900)
16,3648131,292.09274,38.73053,13.476,0.658856887,0.013552197,0.208875941,4.29E-05,0.000661049,0.017729003,0.273251805,0.999559021,f(t) = 1.000000 + 0.000300 * sin(2?? * 15.412700 * t + -0.214000) + 0.000100 * sin(2?? * 20.233500 * t + -1.675785)
17,3965879,294.4754,39.00388,13.335,0.320628621,8.06E-05,5.27E-04,7.12E-06,4.66E-05,0.001839677,1.20E-02,0.999709752,f(t) = 1.000100 + 0.010700 * sin(2?? * 6.537400 * t + -1.450000)
18,4072890,295.45047,39.110661,14.269,0.615391855,-0.0305048,-0.20432115,4.46E-05,0.000298538,0.038031567,0.254735436,0.999294098,f(t) = 1.000000 + 0.000100 * sin(2?? * 6.698000 * t + -2.866385)
19,8264404,300.94638,44.157139,12.193,0.447616056,0.005153912,0.048427703,6.28E-06,5.90E-05,0.009410603,0.088424849,0.999977838,f(t) = 0.999600 + 0.004600 * sin(2?? * 9.396300 * t + 2.144985) + 0.001800 * sin(2?? * 10.741700 * t + -1.912600) + 0.000900 * sin(2?? * 3.175100 * t + -2.505185) + 0.000800 * sin(2?? * 1.340300 * t + -0.284500) + 0.000700 * sin(2?? * 12.604900 * t + 0.362785) + 0.000700 * sin(2?? * 1.868800 * t + 2.705385) + 0.000500 * sin(2?? * 7.946100 * t + -2.687985)
20,8330102,300.89816,44.289471,13.479,0.595887535,0.009718158,0.168401101,-0.000176316,-0.003055292,0.015067497,0.261097121,0.999817783,f(t) = 1.000100 + 0.002000 * sin(2?? * 17.328500 * t + -1.386100) + 0.000500 * sin(2?? * 19.036900 * t + -0.092800) + 0.000300 * sin(2?? * 21.188200 * t + 0.245800) + 0.000300 * sin(2?? * 15.959800 * t + -0.675500) + 0.000300 * sin(2?? * 22.932600 * t + -0.441900)
21,8453431,298.85471,44.452911,12.534,0.593181526,-0.000349358,-0.004844757,1.43E-05,0.000197812,0.024407965,0.33847989,0.997656175,f(t) = 1.000000 + 0.000100 * sin(2?? * 13.867600 * t + -1.573500) + 0.000100 * sin(2?? * 22.150600 * t + -3.140600)
22,8493159,291.02487,44.546383,12.002,0.56569277,-0.007322554,-0.053561553,-0.00016713,-0.001222489,0.050322498,0.368088944,0.998370047,f(t) = 1.000900 + 0.000600 * sin(2?? * 7.314600 * t + -2.960485) + 0.000200 * sin(2?? * 8.221500 * t + 0.995800) + 0.000200 * sin(2?? * 13.331700 * t + -1.184300) + 0.000100 * sin(2?? * 5.583700 * t + 1.422100) + 0.000100 * sin(2?? * 11.600800 * t + -2.253700) + 0.000100 * sin(2?? * 14.856100 * t + -1.654100)
23,8585472,299.66873,44.61068,13.249,0.637876087,-0.00080634,-0.010102069,3.95E-05,0.000495473,0.039990214,0.501009398,0.99908245,f(t) = 0.999900 + 0.000100 * sin(2?? * 12.528300 * t + -1.939500)
24,8845312,300.23813,45.093578,11.501,0.693539008,0.003124566,0.019506978,-1.07E-05,-6.68E-05,0.073199586,0.456992335,0.998782313,f(t) = 0.999600 + 0.000200 * sin(2?? * 6.243100 * t + 0.850600) + 0.000100 * sin(2?? * 7.603400 * t + 0.515400)
25,9050337,299.98993,45.31699,12.598,0.646273738,0.001217951,0.021381495,0.000103206,0.001811812,0.011620421,0.203999982,0.999370662,f(t) = 1.000000 + 0.000100 * sin(2?? * 17.555300 * t + 1.437100)
26,4544967,286.05136,39.6105,12.975,0.245193314,0.001762182,0.028430516,5.84E-06,9.42E-05,0.000841413,0.013575105,0.999700109,f(t) = 1.000200 + 0.002800 * sin(2?? * 16.133700 * t + 1.537900) + 0.000800 * sin(2?? * 20.893900 * t + -1.068100)
27,4569150,293.74969,39.678051,12.016,0.601894438,-0.00143279,-0.013904797,6.14E-05,0.000596057,0.019823693,0.192382993,0.998962657,f(t) = 1.000100 + 0.000300 * sin(2?? * 9.704700 * t + 1.027300) + 0.000300 * sin(2?? * 10.879800 * t + -0.688700) + 0.000300 * sin(2?? * 13.599900 * t + -2.403400) + 0.000100 * sin(2?? * 12.157200 * t + 0.493100)
28,4577647,295.71765,39.691494,11.9,0.535218686,0.004874777,0.044997604,-7.15E-05,-0.000659995,0.02492599,0.230084336,0.999678737,f(t) = 1.000800 + 0.001500 * sin(2?? * 9.230700 * t + 0.824100) + 0.000900 * sin(2?? * 7.356900 * t + -0.000015) + 0.000400 * sin(2?? * 7.664700 * t + 0.526800)
29,4940217,295.987,40.076389,13.496,0.688700428,0.061463921,0.324627845,0.000162326,0.000857341,0.000833918,0.004404421,0.998460538,f(t) = 0.999600 + 0.002100 * sin(2?? * 5.281600 * t + 2.783700)
30,5108514,294.36151,40.262749,13.983,0.514464948,-0.005098625,-0.035704141,-9.00E-05,-0.000630243,0.002870662,0.020102385,0.999717345,f(t) = 0.999900 + 0.001700 * sin(2?? * 7.002700 * t + -2.448085) + 0.001100 * sin(2?? * 5.813700 * t + 1.667200) + 0.000700 * sin(2?? * 10.152300 * t + -1.209900) + 0.000200 * sin(2?? * 4.798400 * t + -2.927400) + 0.000200 * sin(2?? * 7.510100 * t + 1.948700) + 0.000200 * sin(2?? * 9.117600 * t + -1.999685) + 0.000200 * sin(2?? * 13.491900 * t + 2.757400) + 0.000200 * sin(2?? * 14.005500 * t + 3.119000) + 0.000200 * sin(2?? * 4.105400 * t + 2.948585) + 0.000200 * sin(2?? * 12.619900 * t + -1.419800)
31,5358323,290.4848,40.597038,13.113,0.627253817,0.017858095,0.230346206,1.47E-05,0.000189494,0.019455678,0.250952954,0.998917482,f(t) = 1.000100 + 0.000100 * sin(2?? * 12.898700 * t + -1.567600)
32,5900260,298.00854,41.197849,13.413,0.599783673,-0.006475595,-0.086864279,-0.000141253,-0.001894782,0.014950126,0.200542481,0.998423482,f(t) = 1.000000 + 0.000100 * sin(2?? * 13.414100 * t + -2.363000) + 0.000100 * sin(2?? * 17.328200 * t + -0.229285)
33,9051991,300.42987,45.365898,13.471,0.641850685,0.022974867,0.238591698,1.86E-06,1.93E-05,0.02411227,0.250403513,0.999367789,f(t) = 1.000100 + 0.000800 * sin(2?? * 10.384900 * t + 1.226300) + 0.000100 * sin(2?? * 9.704500 * t + 0.975400) + 0.000100 * sin(2?? * 12.507100 * t + 0.991600) + 0.000100 * sin(2?? * 13.063800 * t + -1.762200)
34,9306095,300.17462,45.799809,12.428,0.517353662,0.036336621,0.369699683,8.58E-05,0.000873227,0.000331465,0.003372424,0.999999495,f(t) = 1.004600 + 0.030200 * sin(2?? * 10.174300 * t + -2.611285) + 0.003700 * sin(2?? * 20.343100 * t + 1.637200)
35,9368220,300.32764,45.868259,11.271,0.551725931,0.011574519,0.062480414,7.48E-05,0.000403848,0.041044865,0.221564286,0.999535528,f(t) = 1.000300 + 0.003000 * sin(2?? * 5.398100 * t + 0.908500) + 0.001200 * sin(2?? * 7.067200 * t + 2.839200) + 0.001100 * sin(2?? * 6.511000 * t + 1.346300) + 0.001100 * sin(2?? * 13.537500 * t + 2.526300) + 0.001000 * sin(2?? * 14.814700 * t + -2.608285) + 0.000900 * sin(2?? * 8.963600 * t + 2.256385) + 0.000500 * sin(2?? * 4.368300 * t + -0.299300) + 0.000500 * sin(2?? * 4.739700 * t + 2.308185) + 0.000500 * sin(2?? * 9.334700 * t + 1.817885) + 0.000300 * sin(2?? * 5.831000 * t + -3.002585)
36,9368524,300.42334,45.886761,13.868,0.596350996,-0.008173456,-0.085913648,-5.30E-06,-5.57E-05,0.033541863,0.352568585,0.998230112,f(t) = 1.000000 + 0.000800 * sin(2?? * 10.511300 * t + -2.507100) + 0.000200 * sin(2?? * 5.551000 * t + -1.989800) + 0.000200 * sin(2?? * 10.833000 * t + -0.377100) + 0.000100 * sin(2?? * 6.016800 * t + 0.859500) + 0.000100 * sin(2?? * 12.285000 * t + -1.834200)
37,9649801,292.08319,46.31078,13.525,0.596972447,-0.002845755,-0.040989401,-2.69E-05,-0.00038746,0.01691295,0.243609052,0.997773679,f(t) = 1.000100 + 0.000200 * sin(2?? * 14.403700 * t + 2.826385) + 0.000100 * sin(2?? * 12.343400 * t + -2.720300) + 0.000100 * sin(2?? * 17.040500 * t + 0.631600) + 0.000100 * sin(2?? * 18.854200 * t + -2.807300) + 0.000100 * sin(2?? * 19.306200 * t + 1.563400) + 0.000100 * sin(2?? * 21.203000 * t + 2.596685)
38,9775887,294.04736,46.569839,16.218,0.572067491,0.013333728,0.019081898,0.002340284,0.00334918,0.191209631,0.273640104,0.999672803,f(t) = 1.000100 + 0.001800 * sin(2?? * 1.431100 * t + 2.479300)
39,9532219,294.21674,46.180222,16.118,0.230848236,-0.000598581,-0.006041538,1.85E-06,1.86E-05,0.000146532,0.001478962,0.999961223,f(t) = 0.992500 + 0.037300 * sin(2?? * 10.093100 * t + -2.814600) + 0.008000 * sin(2?? * 20.186200 * t + 2.205385)
40,9594189,294.26056,46.280201,15.759,0.553069805,-0.072944438,-0.15953678,0.000828794,0.001812655,0.092916515,0.20321771,0.999801132,f(t) = 1.000100 + 0.004500 * sin(2?? * 2.187100 * t + 2.069300) + 0.001000 * sin(2?? * 4.373500 * t + 0.646000)
41,9897710,294.57605,46.734871,15.276,0.716439378,0.001563376,0.007352245,-0.000584874,-0.002750545,0.05562188,0.261578577,0.998528582,f(t) = 0.999600 + 0.000700 * sin(2?? * 4.702800 * t + -3.074300)
42,9717148,294.62122,46.435741,16.412,0.53049719,0.185972511,0.187850833,-0.000811615,-0.000819812,0.225885108,0.228166547,0.999944788,f(t) = 0.999700 + 0.006700 * sin(2?? * 1.010100 * t + -1.742100) + 0.001300 * sin(2?? * 2.029400 * t + 1.472800)
43,2581626,292.70682,37.806011,14.998,0.073070843,0.003293414,0.059741542,4.55E-06,8.25E-05,0.000101864,0.001847782,0.999990676,f(t) = 1.004100 + 0.071900 * sin(2?? * 18.139700 * t + -2.440400) + 0.015700 * sin(2?? * 23.498500 * t + -0.000015) + 0.007800 * sin(2?? * 5.358700 * t + -1.669385)
44,2972514,286.68576,38.17025,14.031,0.183456193,-0.003158122,-0.012545008,-2.63E-06,-1.04E-05,0.00038326,0.001522424,0.999985011,f(t) = 0.950700 + 0.203100 * sin(2?? * 3.972300 * t + -1.057300) + 0.050800 * sin(2?? * 7.944600 * t + -0.000015) + 0.023300 * sin(2?? * 1.986300 * t + 0.848085)
45,3119295,292.05969,38.266869,14.268,0.140756382,0.006743131,0.030671806,5.76E-06,2.62E-05,0.000292994,0.001332713,0.999989397,f(t) = 0.969200 + 0.154500 * sin(2?? * 4.548600 * t + -0.679300) + 0.030100 * sin(2?? * 9.097200 * t + -0.000015) + 0.022600 * sin(2?? * 2.274400 * t + -1.700100)
46,3953144,291.1925,39.049492,14.673,0.280977593,0.00340515,0.033531193,1.04E-05,0.000102161,0.00132067,0.013004902,0.999867269,f(t) = 1.000100 + 0.007600 * sin(2?? * 9.847200 * t + -1.648985) + 0.003300 * sin(2?? * 15.111300 * t + -3.094485) + 0.001700 * sin(2?? * 18.337100 * t + -0.000015) + 0.001400 * sin(2?? * 9.057900 * t + -0.000015) + 0.001400 * sin(2?? * 15.511700 * t + -0.000015)
47,4036687,284.95593,39.14463,15.22,0.196140082,0.010038764,0.066975625,8.58E-05,0.000572195,0.000271948,0.001814355,0.999981959,f(t) = 0.987000 + 0.125400 * sin(2?? * 6.671700 * t + 0.000015)
48,4066203,293.87561,39.113762,14.052,0.138724337,0.001096511,0.006048903,2.79E-06,1.54E-05,0.00065942,0.00363769,0.99997872,f(t) = 1.000100 + 0.025800 * sin(2?? * 5.516500 * t + 1.589785) + 0.003500 * sin(2?? * 2.758600 * t + -2.696485)
49,4243668,285.52716,39.34726,14.656,0.30498448,0.00011126,0.000580944,-1.74E-05,-9.09E-05,0.001906385,0.009954189,0.999914986,f(t) = 0.999800 + 0.007300 * sin(2?? * 5.221500 * t + 2.492985) + 0.003000 * sin(2?? * 2.608200 * t + -0.000015)
50,4374279,293.96933,39.436089,14.583,0.164656436,-0.00752156,-0.044340348,-5.00E-06,-2.95E-05,0.000282427,0.001664935,0.999962847,f(t) = 0.994600 + 0.064100 * sin(2?? * 5.895100 * t + 2.454585)
51,4466691,292.27933,39.505081,14.348,0.243597205,-0.002365112,-0.009801734,0.000121398,0.00050311,0.000566298,0.002346909,0.999977242,f(t) = 0.992400 + 0.058100 * sin(2?? * 4.144300 * t + 0.000015) + 0.022700 * sin(2?? * 2.072000 * t + -2.361285) + 0.006200 * sin(2?? * 8.288000 * t + 0.165685)
52,4547067,286.95959,39.64114,14.671,0.123537384,0.007743062,0.03799598,5.46E-06,2.68E-05,0.000359654,0.001764858,0.999979871,f(t) = 0.999900 + 0.020000 * sin(2?? * 4.907100 * t + -0.000015) + 0.004300 * sin(2?? * 2.453500 * t + -0.183100)
53,4651526,290.7388,39.770802,14.754,0.262661476,-0.007508943,-0.050374495,6.69E-05,0.000449054,0.000665105,0.004461923,0.999945642,f(t) = 0.999300 + 0.045600 * sin(2?? * 6.708600 * t + 0.000015) + 0.007000 * sin(2?? * 3.340600 * t + 0.422285)
54,4995588,286.4946,40.146961,14.961,0.179241961,-0.000790233,-0.018767402,4.81E-06,0.00011427,0.000890573,0.021150396,0.999944653,f(t) = 1.000000 + 0.004400 * sin(2?? * 23.749200 * t + -0.333800) + 0.003200 * sin(2?? * 23.154500 * t + -0.871300)
55,5027750,295.99509,40.112518,14.775,0.446827328,0.004526458,0.053004371,-3.58E-05,-0.000419214,0.002990107,0.035013854,0.999994381,f(t) = 1.000000 + 0.002900 * sin(2?? * 11.709900 * t + -0.000015)
56,5284701,294.53641,40.446362,14.447,0.409175779,0.000429958,0.008312163,5.53E-06,0.000106827,0.002529366,0.048898968,0.999313788,f(t) = 1.000000 + 0.000900 * sin(2?? * 19.332500 * t + 0.540700) + 0.000900 * sin(2?? * 24.450100 * t + 0.000015) + 0.000500 * sin(2?? * 23.279200 * t + -1.059585)
57,5286485,295.00616,40.404041,14.824,0.096256705,0.001324139,0.013361622,5.91E-06,5.96E-05,0.0003111,0.003139248,0.999979539,f(t) = 1.000100 + 0.005700 * sin(2?? * 10.090800 * t + 0.000015) + 0.004900 * sin(2?? * 7.679000 * t + -0.000015)
58,5353653,289.06549,40.548512,15.131,0.226008362,0.008815686,0.047839202,6.91E-06,3.75E-05,0.000878104,0.004765119,0.999974733,f(t) = 1.000000 + 0.013100 * sin(2?? * 5.426600 * t + 1.233100) + 0.003000 * sin(2?? * 2.713600 * t + 0.000015)
59,5357882,290.35376,40.550961,14.694,0.211091634,0.002891713,0.014929047,2.00E-05,0.000103387,0.000597583,0.003085142,0.99996348,f(t) = 1.000200 + 0.033500 * sin(2?? * 5.162700 * t + 0.000015) + 0.004900 * sin(2?? * 2.531800 * t + -0.000015)
60,5534340,292.07117,40.715,14.645,0.406999514,-0.002138081,-0.012871034,9.18E-06,5.53E-05,0.01542184,0.092837937,0.999520843,f(t) = 1.000300 + 0.012700 * sin(2?? * 6.019900 * t + 2.863985) + 0.003100 * sin(2?? * 10.821400 * t + -3.016100) + 0.002100 * sin(2?? * 9.827500 * t + 2.222185) + 0.001800 * sin(2?? * 5.460800 * t + -0.000015) + 0.001500 * sin(2?? * 7.697100 * t + 0.441100)
61,5707205,292.35443,40.945759,14.34,0.186134979,-0.002839191,-0.027395354,1.59E-05,0.000153725,0.001365629,0.013176954,0.999917159,f(t) = 1.000100 + 0.004100 * sin(2?? * 9.649000 * t + -1.632885) + 0.004000 * sin(2?? * 10.959100 * t + 0.729985) + 0.001800 * sin(2?? * 16.390300 * t + -0.000015) + 0.001600 * sin(2?? * 13.046100 * t + -0.000015) + 0.001500 * sin(2?? * 8.800000 * t + -1.038900) + 0.001400 * sin(2?? * 13.602200 * t + -0.000015) + 0.001100 * sin(2?? * 10.604800 * t + -0.101700) + 0.000800 * sin(2?? * 8.318200 * t + 2.684000) + 0.000700 * sin(2?? * 13.908500 * t + -0.000015)
62,5788165,290.88074,41.06081,14.354,0.506787602,0.001998404,0.035720073,-1.18E-05,-0.000210917,0.001312667,0.023463004,0.998929047,f(t) = 1.000000 + 0.000900 * sin(2?? * 17.874300 * t + -0.000015)
63,6304420,297.05414,41.602089,14.392,0.237775159,-0.001004285,-0.018613719,1.66E-06,3.08E-05,0.001231343,0.022822081,0.999880867,f(t) = 1.000000 + 0.002100 * sin(2?? * 18.534300 * t + -2.146100) + 0.001500 * sin(2?? * 16.961700 * t + 2.641700)
64,6442207,291.58728,41.878208,15.478,0.176348268,-0.002053661,-0.009051922,-1.53E-07,-6.74E-07,0.000515466,0.002272019,0.99998325,f(t) = 0.976100 + 0.139700 * sin(2?? * 4.407700 * t + 0.000015) + 0.024900 * sin(2?? * 8.814900 * t + -0.000015) + 0.015900 * sin(2?? * 2.204000 * t + 1.414700)
65,6444630,292.41455,41.81065,14.561,0.213062368,-0.006713415,-0.040484578,-5.69E-06,-3.43E-05,0.000561026,0.003383211,0.999907368,f(t) = 1.000400 + 0.042600 * sin(2?? * 6.030400 * t + -1.565500) + 0.008200 * sin(2?? * 3.017800 * t + -0.000015)
66,6778487,292.15759,42.291168,14.85,0.120020277,0.006468833,0.032819624,4.95E-06,2.51E-05,0.000806745,0.004093021,0.999984919,f(t) = 0.994100 + 0.092700 * sin(2?? * 5.073500 * t + 0.453085)
67,6836820,281.43738,42.32869,14.46,0.12123833,-0.001528521,-0.00685022,7.88E-07,3.53E-06,0.000494041,0.002214094,0.9999898,f(t) = 0.973400 + 0.160200 * sin(2?? * 4.481600 * t + -2.593385) + 0.022500 * sin(2?? * 8.963500 * t + 0.501785)
68,6955650,293.93597,42.488461,14.24,0.099719248,0.010369786,0.039329487,8.90E-06,3.38E-05,0.000429705,0.001629742,0.99999147,f(t) = 0.997100 + 0.060700 * sin(2?? * 3.792700 * t + 1.724500) + 0.007900 * sin(2?? * 1.896000 * t + 2.461785)
69,7048016,295.77335,42.593712,14.024,0.426884547,0.000896712,0.014276283,1.19E-05,0.000190181,0.004053496,0.064534494,0.999368171,f(t) = 1.000000 + 0.002000 * sin(2?? * 15.920700 * t + 0.000015) + 0.001000 * sin(2?? * 19.902900 * t + 1.835200) + 0.000900 * sin(2?? * 18.116900 * t + -2.953585) + 0.000500 * sin(2?? * 20.352600 * t + -3.069585) + 0.000500 * sin(2?? * 20.720600 * t + 0.018900) + 0.000300 * sin(2?? * 17.604400 * t + -0.000015) + 0.000300 * sin(2?? * 10.319100 * t + 0.728985) + 0.000300 * sin(2?? * 10.749500 * t + -2.495800)
70,7124161,293.71469,42.61084,14.673,0.188881622,0.002198777,0.010304349,5.35E-06,2.51E-05,0.000723459,0.003390418,0.999937306,f(t) = 0.999900 + 0.027200 * sin(2?? * 4.686400 * t + 0.219185) + 0.007200 * sin(2?? * 2.343700 * t + -1.514585)
71,7347529,286.4968,42.95118,14.126,0.531459134,-0.012693962,-0.147860539,-0.000164955,-0.001921412,0.00488862,0.056943135,0.999814283,f(t) = 1.000400 + 0.006800 * sin(2?? * 11.648100 * t + 0.000015)
72,7521682,289.93637,43.157269,14.781,0.146317939,-0.008564342,-0.048031399,-6.11E-06,-3.43E-05,0.000594403,0.00333359,0.999975548,f(t) = 0.986300 + 0.117000 * sin(2?? * 5.608300 * t + 2.326185) + 0.014500 * sin(2?? * 11.216700 * t + -0.000015)
73,7601767,289.92361,43.219158,14.486,0.143325838,-0.003797465,-0.015604923,6.43E-05,0.000264054,0.000550226,0.002261044,0.999987308,f(t) = 0.984100 + 0.104000 * sin(2?? * 4.109300 * t + 0.000015) + 0.015200 * sin(2?? * 8.218100 * t + -0.000015)
74,7617649,294.77219,43.293789,14.634,0.132192022,0.001400221,0.00760152,9.61E-06,5.22E-05,0.000291196,0.001580845,0.999989389,f(t) = 0.970300 + 0.185300 * sin(2?? * 5.428800 * t + 1.784285) + 0.032700 * sin(2?? * 10.858100 * t + -0.000015)
75,7668283,286.07773,43.302872,14.565,0.100584521,0.008727104,0.032474427,1.27E-05,4.71E-05,0.000712627,0.002651756,0.999991025,f(t) = 1.001100 + 0.017600 * sin(2?? * 3.721100 * t + 1.440885) + 0.003600 * sin(2?? * 1.859900 * t + -0.000015) + 0.002000 * sin(2?? * 5.582300 * t + -0.524600)
76,7750215,290.81134,43.468979,14.323,0.38569196,0.000756443,0.012313984,3.43E-06,5.58E-05,0.003639544,0.059247409,0.999736327,f(t) = 1.000000 + 0.003200 * sin(2?? * 16.278800 * t + 0.000015)
77,7905603,296.4838,43.670799,14.35,0.31222847,-0.002044439,-0.037228416,0.000106025,0.001930673,0.000934454,0.017016034,0.999932464,f(t) = 1.000300 + 0.014100 * sin(2?? * 18.209600 * t + -0.000015) + 0.008500 * sin(2?? * 13.483000 * t + -0.000015) + 0.004400 * sin(2?? * 7.981900 * t + -0.000015) + 0.002900 * sin(2?? * 16.233500 * t + -0.000015) + 0.002700 * sin(2?? * 8.460100 * t + -0.000015)
78,7937097,280.96948,43.743561,14.326,0.32955722,-0.007225488,-0.03387092,-4.42E-06,-2.07E-05,0.001357794,0.006364931,0.999616723,f(t) = 0.996000 + 0.110800 * sin(2?? * 4.687700 * t + 2.028000) + 0.013200 * sin(2?? * 2.346700 * t + 0.409085)
79,7948091,287.0054,43.754539,14.842,0.212486231,-0.001255444,-0.008430306,-9.08E-05,-0.000609722,0.000600987,0.004035628,0.999967683,f(t) = 0.993600 + 0.050600 * sin(2?? * 6.715000 * t + -0.000015) + 0.008900 * sin(2?? * 3.357800 * t + -0.000015) + 0.006600 * sin(2?? * 13.432100 * t + -0.000015)
80,7984934,299.14761,43.709431,14.103,0.195786007,-0.00994495,-0.068509766,1.05E-06,7.25E-06,0.000319559,0.00220141,0.999964866,f(t) = 0.996400 + 0.026200 * sin(2?? * 6.888900 * t + -0.698685) + 0.004200 * sin(2?? * 13.777300 * t + -0.000015) + 0.004000 * sin(2?? * 3.444000 * t + -0.000015)
81,8052082,298.6944,43.877708,14.585,0.378527556,-0.000895878,-0.016450649,2.09E-05,0.000384355,0.001294417,0.023768862,0.999462811,f(t) = 1.000000 + 0.001400 * sin(2?? * 18.362600 * t + -0.000015) + 0.001200 * sin(2?? * 20.647300 * t + -3.096785)
82,8087649,287.9899,43.966339,14.448,0.144721736,0.002329314,0.009707183,1.36E-06,5.65E-06,0.000636121,0.002650971,0.999985764,f(t) = 0.992700 + 0.056600 * sin(2?? * 4.167400 * t + -0.746385) + 0.021000 * sin(2?? * 2.083300 * t + -0.000015)
83,8090059,289.11871,43.99369,14.027,0.129852921,-0.000208022,-0.003819367,1.76E-07,3.23E-06,0.000347147,0.006373758,0.999986842,f(t) = 1.000000 + 0.007900 * sin(2?? * 18.360400 * t + 2.025085)
84,8144212,281.79269,44.072189,14.229,0.200783101,0.001616152,0.015079829,4.52E-05,0.000422004,0.00089868,0.008385313,0.999912955,f(t) = 1.000000 + 0.001500 * sin(2?? * 9.330700 * t + -1.742785) + 0.001100 * sin(2?? * 12.187100 * t + 0.000015) + 0.001000 * sin(2?? * 8.394600 * t + -0.342300) + 0.001000 * sin(2?? * 8.926000 * t + -0.000015)
85,8150307,285.16141,44.017181,14.782,0.141793959,-0.001544767,-0.022729238,-1.51E-05,-0.000222177,0.000427822,0.006294845,0.999978248,f(t) = 1.000000 + 0.005000 * sin(2?? * 14.713700 * t + -0.000015) + 0.001200 * sin(2?? * 13.714500 * t + -0.000015)
86,8245366,295.89133,44.105434,11.185,0.512982755,-0.011388992,-0.135981148,0.000145855,0.001741465,0.001949914,0.023281388,0.999996172,f(t) = 1.001700 + 0.011500 * sin(2?? * 11.939700 * t + 1.858185) + 0.006500 * sin(2?? * 10.289000 * t + -0.000015) + 0.002300 * sin(2?? * 7.955400 * t + -0.623700) + 0.001900 * sin(2?? * 8.306900 * t + 0.302985) + 0.001800 * sin(2?? * 9.047800 * t + -0.000015) + 0.001200 * sin(2?? * 7.103200 * t + 0.675300)
87,8248967,296.94406,44.166401,15.056,0.145197614,-0.002741404,-0.009253609,1.59E-05,5.37E-05,0.000745342,0.002515902,0.999980102,f(t) = 0.982300 + 0.164700 * sin(2?? * 3.375500 * t + -0.180085) + 0.020500 * sin(2?? * 6.752400 * t + -0.000015)
88,8249829,297.15857,44.166672,14.288,0.238241008,0.00096007,0.016130328,5.42E-06,9.10E-05,0.000378088,0.006352332,0.999975713,f(t) = 1.000100 + 0.003000 * sin(2?? * 16.801200 * t + -0.000015) + 0.000400 * sin(2?? * 1.893900 * t + 2.295800) + 0.000400 * sin(2?? * 17.444500 * t + 0.803585) + 0.000300 * sin(2?? * 23.607000 * t + -0.000015)
89,8315263,296.99152,44.26968,14.323,0.276890941,0.001252801,0.016579318,3.44E-05,0.000454642,0.000846099,0.011197105,0.999838481,f(t) = 1.000300 + 0.007900 * sin(2?? * 13.233800 * t + -2.323000) + 0.003600 * sin(2?? * 13.874900 * t + -0.000015) + 0.002000 * sin(2?? * 15.776600 * t + -0.000015) + 0.001700 * sin(2?? * 17.712200 * t + -0.000015) + 0.001600 * sin(2?? * 18.148100 * t + -0.000015)
90,8393922,300.26193,44.352291,14.032,0.302492754,-0.00057435,-0.007512728,2.82E-05,0.000369199,0.00089849,0.011752609,0.999693381,f(t) = 1.000100 + 0.002100 * sin(2?? * 13.080400 * t + -0.000015) + 0.001200 * sin(2?? * 21.470300 * t + -0.000015) + 0.001000 * sin(2?? * 18.275700 * t + -0.044600) + 0.000800 * sin(2?? * 14.835100 * t + -0.000015)
91,8516900,298.64468,44.532631,14.177,0.28804574,-0.002631725,-0.033921356,2.78E-06,3.58E-05,0.001086531,0.014004733,0.999705413,f(t) = 1.000100 + 0.004000 * sin(2?? * 12.889400 * t + -0.000015) + 0.003200 * sin(2?? * 16.354100 * t + -0.000015) + 0.001700 * sin(2?? * 12.302500 * t + -0.000015) + 0.001700 * sin(2?? * 19.830100 * t + -0.000015) + 0.001600 * sin(2?? * 11.549700 * t + -0.000015) + 0.001600 * sin(2?? * 10.869600 * t + 0.769685)
92,8648251,299.10468,44.773991,14.604,0.099382554,-0.003555655,-0.053755459,1.70E-05,0.000257007,0.000185167,0.00279941,0.999977095,f(t) = 1.000000 + 0.006300 * sin(2?? * 15.118300 * t + 2.198200) + 0.006200 * sin(2?? * 19.510000 * t + 0.000015)
93,8649814,299.52292,44.73344,14.43,0.234140648,0.002206221,0.01676375,6.14E-05,0.000466407,0.001284315,0.009758739,0.999862417,f(t) = 1.000200 + 0.007000 * sin(2?? * 7.598400 * t + 2.453885) + 0.005000 * sin(2?? * 9.551200 * t + -0.000015) + 0.004500 * sin(2?? * 15.599100 * t + -0.000015) + 0.002000 * sin(2?? * 11.295900 * t + -0.000015) + 0.001800 * sin(2?? * 9.022200 * t + -0.000015) + 0.001000 * sin(2?? * 1.617500 * t + -0.000015) + 0.000700 * sin(2?? * 9.928100 * t + -0.000015)
94,8960514,294.4621,45.259651,14.399,0.306568416,-0.000979638,-0.006559362,5.26E-05,0.000352259,0.008975224,0.060095407,0.999822171,f(t) = 1.000200 + 0.003800 * sin(2?? * 6.695700 * t + 0.000015) + 0.000400 * sin(2?? * 2.124400 * t + 0.000015)
95,8963394,295.38419,45.280109,14.48,0.138227954,-0.003931998,-0.021097922,2.06E-06,1.10E-05,0.000433062,0.002323681,0.999980194,f(t) = 0.980400 + 0.163400 * sin(2?? * 5.365700 * t + -1.614300) + 0.017200 * sin(2?? * 10.731900 * t + -0.000015)
96,9075949,285.70135,45.425152,14.586,0.244441321,0.007303959,0.041552223,0.000101392,0.000576819,0.000509758,0.002900013,0.99988733,f(t) = 0.989100 + 0.140300 * sin(2?? * 5.689000 * t + 0.000015)
97,9077483,286.55652,45.47319,15.362,0.109473034,-0.001449871,-0.007776963,-1.50E-06,-8.05E-06,0.000630648,0.003382733,0.999995665,f(t) = 0.983400 + 0.144100 * sin(2?? * 5.363900 * t + -1.698985) + 0.020700 * sin(2?? * 2.667800 * t + -1.307985) + 0.015500 * sin(2?? * 10.727900 * t + -2.059600)
98,9137819,283.36523,45.533569,14.991,0.106140629,-0.016747172,-0.061220962,-6.73E-06,-2.46E-05,0.000853229,0.003119064,0.999985773,f(t) = 1.009900 + 0.197000 * sin(2?? * 3.655600 * t + 1.964400) + 0.036000 * sin(2?? * 7.311700 * t + -0.000015)
99,9202969,284.02448,45.665798,14.515,0.112484607,-0.002084796,-0.010369567,4.46E-05,0.000222055,0.000408094,0.002029819,0.999993101,f(t) = 0.999800 + 0.047200 * sin(2?? * 4.973900 * t + 0.000015)
100,9214444,290.26773,45.692348,14.2,0.464514854,0.001398988,0.030277738,3.75E-05,0.000812088,0.003488951,0.075509971,0.99837612,f(t) = 1.000100 + 0.000600 * sin(2?? * 21.642600 * t + -0.000015) + 0.000500 * sin(2?? * 20.237000 * t + 2.813900) + 0.000300 * sin(2?? * 17.605100 * t + -0.000015) + 0.000300 * sin(2?? * 23.331700 * t + -0.000015) + 0.000300 * sin(2?? * 20.755200 * t + 2.216185) + 0.000200 * sin(2?? * 17.961400 * t + -0.000015) + 0.000200 * sin(2?? * 21.258100 * t + -0.000015)
101,9364179,299.10205,45.80669,14.142,0.427009481,0.001949572,0.059928284,5.29E-05,0.001627208,0.002678348,0.082330275,0.999964439,f(t) = 1.000000 + 0.003500 * sin(2?? * 30.739200 * t + 0.000015) + 0.001300 * sin(2?? * 29.234700 * t + -2.464485) + 0.001200 * sin(2?? * 30.027300 * t + -0.000015)
102,9594857,294.49481,46.238731,11.021,0.538399222,0.027426489,0.27309104,0.000140732,0.001401297,0.00087876,0.008749989,0.999996775,f(t) = 1.000100 + 0.011500 * sin(2?? * 9.957200 * t + -2.163000) + 0.003600 * sin(2?? * 6.056700 * t + 1.659600) + 0.002900 * sin(2?? * 7.447900 * t + 2.692500) + 0.002700 * sin(2?? * 6.869200 * t + -1.782385) + 0.001600 * sin(2?? * 4.322800 * t + 2.373285)
103,9614153,300.4726,46.210602,14.18,0.254279561,-0.002073289,-0.027418832,2.50E-05,0.000331251,0.00051735,0.00684185,0.999881674,f(t) = 1.000000 + 0.002700 * sin(2?? * 13.224800 * t + -0.000015) + 0.001600 * sin(2?? * 14.885400 * t + 1.201000)
104,9700322,286.96127,46.486633,12.685,0.471992026,0.02585237,0.324956538,9.79E-05,0.001230184,0.001952693,0.024544765,0.999998086,f(t) = 1.002400 + 0.011400 * sin(2?? * 12.569700 * t + -1.534100) + 0.010600 * sin(2?? * 9.794800 * t + 2.597185) + 0.001900 * sin(2?? * 22.363600 * t + 1.618300)
105,9706609,290.2919,46.447239,14.144,0.553036875,-0.000800892,-0.005907379,6.08E-05,0.000448329,0.019064452,0.140619398,0.997533165,f(t) = 0.999900 + 0.000500 * sin(2?? * 7.376000 * t + 1.360500) + 0.000300 * sin(2?? * 7.053300 * t + -0.000015) + 0.000200 * sin(2?? * 5.857200 * t + 1.719200) + 0.000200 * sin(2?? * 8.007700 * t + 0.459600)
106,9724292,297.10431,46.445251,14.397,0.239400556,0.001793885,0.024777498,3.23E-05,0.000445589,0.001750722,0.024181322,0.999833004,f(t) = 1.000100 + 0.003500 * sin(2?? * 13.812200 * t + -0.000015) + 0.002600 * sin(2?? * 11.174600 * t + -0.000015) + 0.001600 * sin(2?? * 13.166500 * t + 2.768685) + 0.001500 * sin(2?? * 12.085500 * t + -0.000015) + 0.001100 * sin(2?? * 11.571100 * t + -0.000015) + 0.001100 * sin(2?? * 13.483200 * t + -1.072200) + 0.000800 * sin(2?? * 12.486800 * t + -0.000015) + 0.000500 * sin(2?? * 14.469000 * t + -0.000015) + 0.000400 * sin(2?? * 15.547700 * t + -0.000015) + 0.000400 * sin(2?? * 16.034800 * t + -0.000015)
107,9942562,287.51093,46.88287,14.597,0.366152872,0.003928837,0.026786025,3.02E-06,2.06E-05,0.001984477,0.013529767,0.999827125,f(t) = 0.999900 + 0.000900 * sin(2?? * 6.817800 * t + -0.740985)
108,10451090,282.48297,47.637321,9.21,0.322674462,5.48E-05,2.10E-03,1.12E-05,4.30E-04,0.000505116,1.94E-02,0.999995729,f(t) = 1.000000 + 0.002100 * sin(2?? * 38.376600 * t + -1.957785) + 0.001400 * sin(2?? * 32.845700 * t + 2.991700) + 0.001000 * sin(2?? * 29.161500 * t + 2.465100) + 0.000900 * sin(2?? * 36.927600 * t + -2.992485) + 0.000800 * sin(2?? * 34.239600 * t + -1.513000) + 0.000500 * sin(2?? * 30.877600 * t + -3.015385) + 0.000500 * sin(2?? * 33.231200 * t + -2.089200) + 0.000200 * sin(2?? * 35.940700 * t + 2.092200)
109,11143576,294.68216,48.705921,15.051,0.190466166,0.001266562,0.019894903,-1.24E-05,-0.000194777,0.000775155,0.01217598,0.999978007,f(t) = 0.999900 + 0.014400 * sin(2?? * 15.707800 * t + -0.000015) + 0.003300 * sin(2?? * 15.047900 * t + 1.746185)
110,11704101,286.94263,49.831631,15.441,0.669476027,0.008885084,0.051544149,0.000269699,0.001564578,0.000995711,0.005776319,0.999962486,f(t) = 0.987100 + 0.069100 * sin(2?? * 5.801200 * t + -0.000015) + 0.008700 * sin(2?? * 11.600900 * t + 0.605985) + 0.008300 * sin(2?? * 2.888400 * t + 2.939385)
111,11852985,284.99982,50.100349,14.373,0.180535826,-0.00240084,-0.047345285,-2.94E-06,-5.80E-05,0.000209775,0.004136826,0.999967347,f(t) = 0.999900 + 0.012600 * sin(2?? * 19.720300 * t + -2.349485)
